{
  "lgbm": {
    "n_estimators": 800,
    "max_depth": 10,
    "learning_rate": 0.011053241591970756,
    "num_leaves": 59,
    "subsample": 0.9399285686223966,
    "colsample_bytree": 0.6422212105026092
  },
  "xgb": {
    "n_estimators": 500,
    "max_depth": 6,
    "learning_rate": 0.011696456258261165,
    "subsample": 0.8661939270484895,
    "colsample_bytree": 0.60189809290489
  },
  "catboost": {
    "iterations": 800,
    "depth": 8,
    "learning_rate": 0.01684639121774842
  },
  "rf": {
    "n_estimators": 600,
    "max_depth": 20,
    "min_samples_leaf": 2
  },
  "et": {
    "n_estimators": 600,
    "max_depth": 19,
    "min_samples_leaf": 2
  },
  "gb": {
    "max_iter": 200,
    "max_depth": 5,
    "learning_rate": 0.01609296689583745
  },
  "lr": {
    "C": 0.010012904949474447
  },
  "mlp": {
    "alpha": 2.1210851880036817e-05,
    "learning_rate_init": 0.0002144764716967629
  },
  "svm": {
    "C": 0.0100060389382592
  },
  "knn": {
    "n_neighbors": 50
  }
}